sample_id,rep,prompt_version,news_desk,model,vader_compound
0,0,A,Business,Claude-Haiku-4.5,0.24332499999999996
0,1,A,Business,Claude-Haiku-4.5,0.24214999999999998
0,2,A,Business,Claude-Haiku-4.5,0.44580000000000003
1,0,A,Business,Claude-Haiku-4.5,-0.43915
1,1,A,Business,Claude-Haiku-4.5,-0.771025
1,2,A,Business,Claude-Haiku-4.5,-0.35374999999999995
2,0,A,Business,Claude-Haiku-4.5,0.7358500000000001
2,1,A,Business,Claude-Haiku-4.5,0.5803999999999999
2,2,A,Business,Claude-Haiku-4.5,0.614575
3,0,A,Business,Claude-Haiku-4.5,-0.4559
3,1,A,Business,Claude-Haiku-4.5,0.014399999999999968
3,2,A,Business,Claude-Haiku-4.5,0.13015
4,0,A,Business,Claude-Haiku-4.5,0.4750249999999999
4,1,A,Business,Claude-Haiku-4.5,0.59055
4,2,A,Business,Claude-Haiku-4.5,0.07272500000000001
5,0,A,Business,Claude-Haiku-4.5,0.950825
5,1,A,Business,Claude-Haiku-4.5,0.862525
5,2,A,Business,Claude-Haiku-4.5,0.921925
6,0,A,Business,Claude-Haiku-4.5,0.8532749999999999
6,1,A,Business,Claude-Haiku-4.5,0.723225
6,2,A,Business,Claude-Haiku-4.5,0.46895
7,0,A,Business,Claude-Haiku-4.5,0.48875
7,1,A,Business,Claude-Haiku-4.5,0.85905
7,2,A,Business,Claude-Haiku-4.5,0.7702
8,0,A,Business,Claude-Haiku-4.5,-0.12444999999999998
8,1,A,Business,Claude-Haiku-4.5,-0.968475
8,2,A,Business,Claude-Haiku-4.5,0.07077500000000003
9,0,A,Business,Claude-Haiku-4.5,0.031825000000000006
9,1,A,Business,Claude-Haiku-4.5,-0.2014
9,2,A,Business,Claude-Haiku-4.5,-0.23595000000000005
10,0,A,Foreign,Claude-Haiku-4.5,0.654525
10,1,A,Foreign,Claude-Haiku-4.5,-0.884525
10,2,A,Foreign,Claude-Haiku-4.5,-0.34285
11,0,A,Foreign,Claude-Haiku-4.5,0.42545
11,1,A,Foreign,Claude-Haiku-4.5,0.27297499999999997
11,2,A,Foreign,Claude-Haiku-4.5,0.638575
12,0,A,Foreign,Claude-Haiku-4.5,-0.970025
12,1,A,Foreign,Claude-Haiku-4.5,-0.287325
12,2,A,Foreign,Claude-Haiku-4.5,-0.55305
13,0,A,Foreign,Claude-Haiku-4.5,-0.47152499999999997
13,1,A,Foreign,Claude-Haiku-4.5,-0.487625
13,2,A,Foreign,Claude-Haiku-4.5,-0.559375
14,0,A,Foreign,Claude-Haiku-4.5,-0.13847500000000004
14,1,A,Foreign,Claude-Haiku-4.5,0.700825
14,2,A,Foreign,Claude-Haiku-4.5,-0.29847500000000005
15,0,A,Foreign,Claude-Haiku-4.5,0.6973250000000001
15,1,A,Foreign,Claude-Haiku-4.5,0.38364999999999994
15,2,A,Foreign,Claude-Haiku-4.5,-0.30275
16,0,A,Foreign,Claude-Haiku-4.5,-0.699875
16,1,A,Foreign,Claude-Haiku-4.5,-0.655825
16,2,A,Foreign,Claude-Haiku-4.5,-0.7340500000000001
17,0,A,Foreign,Claude-Haiku-4.5,0.9082250000000001
17,1,A,Foreign,Claude-Haiku-4.5,0.934625
17,2,A,Foreign,Claude-Haiku-4.5,0.8257
18,0,A,Foreign,Claude-Haiku-4.5,0.91185
18,1,A,Foreign,Claude-Haiku-4.5,0.951075
18,2,A,Foreign,Claude-Haiku-4.5,0.5824499999999999
19,0,A,Foreign,Claude-Haiku-4.5,0.801625
19,1,A,Foreign,Claude-Haiku-4.5,0.760675
19,2,A,Foreign,Claude-Haiku-4.5,0.7065
20,0,A,Business,Claude-Haiku-4.5,0.05545
20,1,A,Business,Claude-Haiku-4.5,0.5404500000000001
20,2,A,Business,Claude-Haiku-4.5,-0.04864999999999997
21,0,A,Business,Claude-Haiku-4.5,0.2767
21,1,A,Business,Claude-Haiku-4.5,0.2891
21,2,A,Business,Claude-Haiku-4.5,0.898725
22,0,A,Business,Claude-Haiku-4.5,-0.5436249999999999
22,1,A,Business,Claude-Haiku-4.5,-0.29417499999999996
22,2,A,Business,Claude-Haiku-4.5,-0.13445000000000001
23,0,A,Business,Claude-Haiku-4.5,0.5005
23,1,A,Business,Claude-Haiku-4.5,0.36245
23,2,A,Business,Claude-Haiku-4.5,0.023925000000000002
24,0,A,Business,Claude-Haiku-4.5,0.993
24,1,A,Business,Claude-Haiku-4.5,0.9426000000000001
24,2,A,Business,Claude-Haiku-4.5,0.9835
25,0,A,Business,Claude-Haiku-4.5,0.52385
25,1,A,Business,Claude-Haiku-4.5,0.313075
25,2,A,Business,Claude-Haiku-4.5,0.913
26,0,A,Business,Claude-Haiku-4.5,-0.9044
26,1,A,Business,Claude-Haiku-4.5,-0.8969750000000001
26,2,A,Business,Claude-Haiku-4.5,-0.006250000000000033
27,0,A,Business,Claude-Haiku-4.5,0.436325
27,1,A,Business,Claude-Haiku-4.5,0.017024999999999985
27,2,A,Business,Claude-Haiku-4.5,0.56995
28,0,A,Business,Claude-Haiku-4.5,0.21707500000000002
28,1,A,Business,Claude-Haiku-4.5,0.008450000000000013
28,2,A,Business,Claude-Haiku-4.5,-0.35492499999999993
29,0,A,Business,Claude-Haiku-4.5,0.816775
29,1,A,Business,Claude-Haiku-4.5,0.860075
29,2,A,Business,Claude-Haiku-4.5,0.5735250000000001
30,0,A,Business,Claude-Haiku-4.5,0.94685
30,1,A,Business,Claude-Haiku-4.5,0.521675
30,2,A,Business,Claude-Haiku-4.5,0.9652000000000001
31,0,A,Business,Claude-Haiku-4.5,0.35955
31,1,A,Business,Claude-Haiku-4.5,0.33147499999999996
31,2,A,Business,Claude-Haiku-4.5,0.44215
32,0,A,Business,Claude-Haiku-4.5,0.440125
32,1,A,Business,Claude-Haiku-4.5,0.7558
32,2,A,Business,Claude-Haiku-4.5,0.898825
33,0,A,Business,Claude-Haiku-4.5,-0.9924000000000001
33,1,A,Business,Claude-Haiku-4.5,-0.45137499999999997
33,2,A,Business,Claude-Haiku-4.5,-0.9185249999999999
34,0,A,Business,Claude-Haiku-4.5,-0.9643499999999999
34,1,A,Business,Claude-Haiku-4.5,-0.83455
34,2,A,Business,Claude-Haiku-4.5,-0.19769999999999996
35,0,A,Business,Claude-Haiku-4.5,0.899575
35,1,A,Business,Claude-Haiku-4.5,0.866975
35,2,A,Business,Claude-Haiku-4.5,0.740725
36,0,A,Business,Claude-Haiku-4.5,-0.150375
36,1,A,Business,Claude-Haiku-4.5,-0.15932500000000002
36,2,A,Business,Claude-Haiku-4.5,-0.10272499999999998
37,0,A,Business,Claude-Haiku-4.5,-0.909925
37,1,A,Business,Claude-Haiku-4.5,-0.13372500000000004
37,2,A,Business,Claude-Haiku-4.5,-0.7267
38,0,A,Business,Claude-Haiku-4.5,-0.020624999999999977
38,1,A,Business,Claude-Haiku-4.5,0.155675
38,2,A,Business,Claude-Haiku-4.5,-0.5673
39,0,A,Business,Claude-Haiku-4.5,0.9297000000000001
39,1,A,Business,Claude-Haiku-4.5,0.9561250000000001
39,2,A,Business,Claude-Haiku-4.5,0.95055
40,0,A,Business,Claude-Haiku-4.5,-0.954425
40,1,A,Business,Claude-Haiku-4.5,-0.943225
40,2,A,Business,Claude-Haiku-4.5,-0.9267749999999999
41,0,A,Business,Claude-Haiku-4.5,0.1217
41,1,A,Business,Claude-Haiku-4.5,-0.05065000000000003
41,2,A,Business,Claude-Haiku-4.5,-0.11272499999999996
42,0,A,Business,Claude-Haiku-4.5,0.94675
42,1,A,Business,Claude-Haiku-4.5,0.9471
42,2,A,Business,Claude-Haiku-4.5,0.9497
43,0,A,Business,Claude-Haiku-4.5,0.735625
43,1,A,Business,Claude-Haiku-4.5,0.95315
43,2,A,Business,Claude-Haiku-4.5,0.926825
44,0,A,Business,Claude-Haiku-4.5,0.22094999999999998
44,1,A,Business,Claude-Haiku-4.5,0.8256749999999999
44,2,A,Business,Claude-Haiku-4.5,0.880275
45,0,A,Business,Claude-Haiku-4.5,0.446575
45,1,A,Business,Claude-Haiku-4.5,-0.9409000000000001
45,2,A,Business,Claude-Haiku-4.5,-0.626125
46,0,A,Business,Claude-Haiku-4.5,0.812325
46,1,A,Business,Claude-Haiku-4.5,0.49339999999999995
46,2,A,Business,Claude-Haiku-4.5,0.38285
47,0,A,Business,Claude-Haiku-4.5,0.8806750000000001
47,1,A,Business,Claude-Haiku-4.5,0.34402499999999997
47,2,A,Business,Claude-Haiku-4.5,0.147025
48,0,A,Business,Claude-Haiku-4.5,0.8382750000000001
48,1,A,Business,Claude-Haiku-4.5,0.49605
48,2,A,Business,Claude-Haiku-4.5,0.772125
49,0,A,Business,Claude-Haiku-4.5,-0.42325000000000007
49,1,A,Business,Claude-Haiku-4.5,-0.629525
49,2,A,Business,Claude-Haiku-4.5,-0.5384
50,0,A,Foreign,Claude-Haiku-4.5,-0.626325
50,1,A,Foreign,Claude-Haiku-4.5,-0.48597500000000005
50,2,A,Foreign,Claude-Haiku-4.5,-0.38765
51,0,A,Foreign,Claude-Haiku-4.5,0.76705
51,1,A,Foreign,Claude-Haiku-4.5,0.8309500000000001
51,2,A,Foreign,Claude-Haiku-4.5,0.8511
52,0,A,Foreign,Claude-Haiku-4.5,0.8631
52,1,A,Foreign,Claude-Haiku-4.5,0.811075
52,2,A,Foreign,Claude-Haiku-4.5,0.819125
53,0,A,Foreign,Claude-Haiku-4.5,0.17185
53,1,A,Foreign,Claude-Haiku-4.5,-0.45035
53,2,A,Foreign,Claude-Haiku-4.5,0.11939999999999999
54,0,A,Foreign,Claude-Haiku-4.5,0.5172749999999999
54,1,A,Foreign,Claude-Haiku-4.5,0.241925
54,2,A,Foreign,Claude-Haiku-4.5,-0.24927499999999994
55,0,A,Foreign,Claude-Haiku-4.5,-0.47602500000000003
55,1,A,Foreign,Claude-Haiku-4.5,-0.5097
55,2,A,Foreign,Claude-Haiku-4.5,-0.8071499999999999
56,0,A,Foreign,Claude-Haiku-4.5,-0.20362499999999997
56,1,A,Foreign,Claude-Haiku-4.5,-0.40317499999999995
56,2,A,Foreign,Claude-Haiku-4.5,-0.379375
57,0,A,Foreign,Claude-Haiku-4.5,-0.502925
57,1,A,Foreign,Claude-Haiku-4.5,-0.33697499999999997
57,2,A,Foreign,Claude-Haiku-4.5,-0.10584999999999999
58,0,A,Foreign,Claude-Haiku-4.5,0.867425
58,1,A,Foreign,Claude-Haiku-4.5,0.7068
58,2,A,Foreign,Claude-Haiku-4.5,0.4928
59,0,A,Foreign,Claude-Haiku-4.5,0.444125
59,1,A,Foreign,Claude-Haiku-4.5,0.371575
59,2,A,Foreign,Claude-Haiku-4.5,0.18444999999999995
60,0,A,Foreign,Claude-Haiku-4.5,0.762175
60,1,A,Foreign,Claude-Haiku-4.5,0.462625
60,2,A,Foreign,Claude-Haiku-4.5,0.978875
61,0,A,Foreign,Claude-Haiku-4.5,0.3134499999999999
61,1,A,Foreign,Claude-Haiku-4.5,-0.28486666666666666
61,2,A,Foreign,Claude-Haiku-4.5,-0.33585
62,0,A,Foreign,Claude-Haiku-4.5,-0.63985
62,1,A,Foreign,Claude-Haiku-4.5,-0.6145499999999999
62,2,A,Foreign,Claude-Haiku-4.5,-0.8868333333333333
63,0,A,Foreign,Claude-Haiku-4.5,0.667325
63,1,A,Foreign,Claude-Haiku-4.5,0.9103999999999999
63,2,A,Foreign,Claude-Haiku-4.5,0.827275
64,0,A,Foreign,Claude-Haiku-4.5,0.25434999999999997
64,1,A,Foreign,Claude-Haiku-4.5,0.5449999999999999
64,2,A,Foreign,Claude-Haiku-4.5,0.505575
65,0,A,Foreign,Claude-Haiku-4.5,0.17209999999999998
65,1,A,Foreign,Claude-Haiku-4.5,0.13442500000000002
65,2,A,Foreign,Claude-Haiku-4.5,-0.446725
66,0,A,Foreign,Claude-Haiku-4.5,-0.391775
66,1,A,Foreign,Claude-Haiku-4.5,-0.552675
66,2,A,Foreign,Claude-Haiku-4.5,-0.17829999999999993
67,0,A,Foreign,Claude-Haiku-4.5,-0.599325
67,1,A,Foreign,Claude-Haiku-4.5,0.072475
67,2,A,Foreign,Claude-Haiku-4.5,-0.43650000000000005
68,0,A,Foreign,Claude-Haiku-4.5,-0.10067500000000004
68,1,A,Foreign,Claude-Haiku-4.5,0.711
68,2,A,Foreign,Claude-Haiku-4.5,0.540575
69,0,A,Foreign,Claude-Haiku-4.5,-0.32235
69,1,A,Foreign,Claude-Haiku-4.5,-0.42352500000000004
69,2,A,Foreign,Claude-Haiku-4.5,-0.834375
70,0,A,Foreign,Claude-Haiku-4.5,0.32265
70,1,A,Foreign,Claude-Haiku-4.5,0.2741
70,2,A,Foreign,Claude-Haiku-4.5,0.19187499999999996
71,0,A,Foreign,Claude-Haiku-4.5,-0.7774000000000001
71,1,A,Foreign,Claude-Haiku-4.5,-0.9618749999999999
71,2,A,Foreign,Claude-Haiku-4.5,-0.41347500000000004
72,0,A,Foreign,Claude-Haiku-4.5,0.55995
72,1,A,Foreign,Claude-Haiku-4.5,-0.37435000000000007
72,2,A,Foreign,Claude-Haiku-4.5,-0.1011
73,0,A,Foreign,Claude-Haiku-4.5,-0.008699999999999979
73,1,A,Foreign,Claude-Haiku-4.5,0.11405000000000001
73,2,A,Foreign,Claude-Haiku-4.5,-0.32720000000000005
74,0,A,Foreign,Claude-Haiku-4.5,-0.5777
74,1,A,Foreign,Claude-Haiku-4.5,-0.20402499999999998
74,2,A,Foreign,Claude-Haiku-4.5,-0.4066
75,0,A,Foreign,Claude-Haiku-4.5,0.30555
75,1,A,Foreign,Claude-Haiku-4.5,0.43427499999999997
75,2,A,Foreign,Claude-Haiku-4.5,0.395625
76,0,A,Foreign,Claude-Haiku-4.5,0.52605
76,1,A,Foreign,Claude-Haiku-4.5,0.79835
76,2,A,Foreign,Claude-Haiku-4.5,0.32542499999999996
77,0,A,Foreign,Claude-Haiku-4.5,-0.893475
77,1,A,Foreign,Claude-Haiku-4.5,-0.761325
77,2,A,Foreign,Claude-Haiku-4.5,-0.8482500000000001
78,0,A,Foreign,Claude-Haiku-4.5,0.78435
78,1,A,Foreign,Claude-Haiku-4.5,0.9239999999999999
78,2,A,Foreign,Claude-Haiku-4.5,0.771525
79,0,A,Foreign,Claude-Haiku-4.5,-0.26535
79,1,A,Foreign,Claude-Haiku-4.5,-0.32830000000000004
79,2,A,Foreign,Claude-Haiku-4.5,-0.39525
0,0,E,Business,Claude-Haiku-4.5,0.2507
0,1,E,Business,Claude-Haiku-4.5,0.94
0,2,E,Business,Claude-Haiku-4.5,0.8262
1,0,E,Business,Claude-Haiku-4.5,-0.8738
1,1,E,Business,Claude-Haiku-4.5,-0.7079749999999999
1,2,E,Business,Claude-Haiku-4.5,-0.87605
2,0,E,Business,Claude-Haiku-4.5,0.47197500000000003
2,1,E,Business,Claude-Haiku-4.5,0.6538999999999999
2,2,E,Business,Claude-Haiku-4.5,0.10139999999999999
3,0,E,Business,Claude-Haiku-4.5,-0.6712
3,1,E,Business,Claude-Haiku-4.5,0.19600000000000004
3,2,E,Business,Claude-Haiku-4.5,0.34697500000000003
4,0,E,Business,Claude-Haiku-4.5,-0.01157499999999996
4,1,E,Business,Claude-Haiku-4.5,-0.04720000000000005
4,2,E,Business,Claude-Haiku-4.5,0.2372
5,0,E,Business,Claude-Haiku-4.5,0.5315749999999999
5,1,E,Business,Claude-Haiku-4.5,0.8812
5,2,E,Business,Claude-Haiku-4.5,0.73105
6,0,E,Business,Claude-Haiku-4.5,0.30174999999999996
6,1,E,Business,Claude-Haiku-4.5,0.311025
6,2,E,Business,Claude-Haiku-4.5,0.40185000000000004
7,0,E,Business,Claude-Haiku-4.5,0.45330000000000004
7,1,E,Business,Claude-Haiku-4.5,0.275725
7,2,E,Business,Claude-Haiku-4.5,-0.00662500000000002
8,0,E,Business,Claude-Haiku-4.5,-0.787175
8,1,E,Business,Claude-Haiku-4.5,-0.8279750000000001
8,2,E,Business,Claude-Haiku-4.5,-0.709075
9,0,E,Business,Claude-Haiku-4.5,-0.049425
9,1,E,Business,Claude-Haiku-4.5,-0.32069999999999993
9,2,E,Business,Claude-Haiku-4.5,-0.24045
10,0,E,Foreign,Claude-Haiku-4.5,-0.15962500000000002
10,1,E,Foreign,Claude-Haiku-4.5,-0.7837999999999999
10,2,E,Foreign,Claude-Haiku-4.5,-0.79565
11,0,E,Foreign,Claude-Haiku-4.5,0.757575
11,1,E,Foreign,Claude-Haiku-4.5,0.16012499999999996
11,2,E,Foreign,Claude-Haiku-4.5,0.5375
12,0,E,Foreign,Claude-Haiku-4.5,-0.72995
12,1,E,Foreign,Claude-Haiku-4.5,-0.689675
12,2,E,Foreign,Claude-Haiku-4.5,-0.50235
13,0,E,Foreign,Claude-Haiku-4.5,-0.294125
13,1,E,Foreign,Claude-Haiku-4.5,-0.30585
13,2,E,Foreign,Claude-Haiku-4.5,-0.36012500000000003
14,0,E,Foreign,Claude-Haiku-4.5,0.6539666666666667
14,1,E,Foreign,Claude-Haiku-4.5,-0.438425
14,2,E,Foreign,Claude-Haiku-4.5,0.3793
15,0,E,Foreign,Claude-Haiku-4.5,-0.09607500000000002
15,1,E,Foreign,Claude-Haiku-4.5,0.1411
15,2,E,Foreign,Claude-Haiku-4.5,0.158
16,0,E,Foreign,Claude-Haiku-4.5,-0.94045
16,1,E,Foreign,Claude-Haiku-4.5,-0.6204666666666666
16,2,E,Foreign,Claude-Haiku-4.5,-0.9815333333333333
17,0,E,Foreign,Claude-Haiku-4.5,0.83205
17,1,E,Foreign,Claude-Haiku-4.5,0.16115
17,2,E,Foreign,Claude-Haiku-4.5,0.7907500000000001
18,0,E,Foreign,Claude-Haiku-4.5,0.8351500000000001
18,1,E,Foreign,Claude-Haiku-4.5,0.8049250000000001
18,2,E,Foreign,Claude-Haiku-4.5,0.751375
19,0,E,Foreign,Claude-Haiku-4.5,0.67945
19,1,E,Foreign,Claude-Haiku-4.5,0.9044333333333333
19,2,E,Foreign,Claude-Haiku-4.5,0.7352333333333334
20,0,E,Business,Claude-Haiku-4.5,0.9377666666666666
20,1,E,Business,Claude-Haiku-4.5,-0.20520000000000002
20,2,E,Business,Claude-Haiku-4.5,-0.2596
21,0,E,Business,Claude-Haiku-4.5,0.6593
21,1,E,Business,Claude-Haiku-4.5,0.5973749999999999
21,2,E,Business,Claude-Haiku-4.5,0.8485
22,0,E,Business,Claude-Haiku-4.5,0.7749499999999999
22,1,E,Business,Claude-Haiku-4.5,-0.353125
22,2,E,Business,Claude-Haiku-4.5,0.217925
23,0,E,Business,Claude-Haiku-4.5,-0.924
23,1,E,Business,Claude-Haiku-4.5,-0.06029999999999999
23,2,E,Business,Claude-Haiku-4.5,-0.179175
24,0,E,Business,Claude-Haiku-4.5,0.984225
24,1,E,Business,Claude-Haiku-4.5,0.891775
24,2,E,Business,Claude-Haiku-4.5,0.976525
25,0,E,Business,Claude-Haiku-4.5,0.482425
25,1,E,Business,Claude-Haiku-4.5,0.952125
25,2,E,Business,Claude-Haiku-4.5,0.91875
26,0,E,Business,Claude-Haiku-4.5,-0.204775
26,1,E,Business,Claude-Haiku-4.5,-0.4885
26,2,E,Business,Claude-Haiku-4.5,-0.9093
27,0,E,Business,Claude-Haiku-4.5,0.216125
27,1,E,Business,Claude-Haiku-4.5,0.505775
27,2,E,Business,Claude-Haiku-4.5,0.7317999999999999
28,0,E,Business,Claude-Haiku-4.5,0.29312499999999997
28,1,E,Business,Claude-Haiku-4.5,0.38167500000000004
28,2,E,Business,Claude-Haiku-4.5,-0.19804999999999998
29,0,E,Business,Claude-Haiku-4.5,0.1285
29,1,E,Business,Claude-Haiku-4.5,0.6937
29,2,E,Business,Claude-Haiku-4.5,0.47264999999999996
30,0,E,Business,Claude-Haiku-4.5,0.9231
30,1,E,Business,Claude-Haiku-4.5,0.9540000000000001
30,2,E,Business,Claude-Haiku-4.5,0.73685
31,0,E,Business,Claude-Haiku-4.5,0.22795000000000004
31,1,E,Business,Claude-Haiku-4.5,1.3877787807814457e-17
31,2,E,Business,Claude-Haiku-4.5,0.2925
32,0,E,Business,Claude-Haiku-4.5,0.6720250000000001
32,1,E,Business,Claude-Haiku-4.5,0.40625
32,2,E,Business,Claude-Haiku-4.5,0.707425
33,0,E,Business,Claude-Haiku-4.5,-0.90795
33,1,E,Business,Claude-Haiku-4.5,-0.7881
33,2,E,Business,Claude-Haiku-4.5,-0.8950500000000001
34,0,E,Business,Claude-Haiku-4.5,-0.4838
34,1,E,Business,Claude-Haiku-4.5,-0.35535
34,2,E,Business,Claude-Haiku-4.5,-0.78355
35,0,E,Business,Claude-Haiku-4.5,0.700375
35,1,E,Business,Claude-Haiku-4.5,0.40025
35,2,E,Business,Claude-Haiku-4.5,0.66715
36,0,E,Business,Claude-Haiku-4.5,-0.34475
36,1,E,Business,Claude-Haiku-4.5,-0.043325
36,2,E,Business,Claude-Haiku-4.5,0.08329999999999997
37,0,E,Business,Claude-Haiku-4.5,-0.914125
37,1,E,Business,Claude-Haiku-4.5,-0.225025
37,2,E,Business,Claude-Haiku-4.5,0.14989999999999998
38,0,E,Business,Claude-Haiku-4.5,0.035775
38,1,E,Business,Claude-Haiku-4.5,-0.5283249999999999
38,2,E,Business,Claude-Haiku-4.5,0.205425
39,0,E,Business,Claude-Haiku-4.5,0.862125
39,1,E,Business,Claude-Haiku-4.5,0.9365749999999999
39,2,E,Business,Claude-Haiku-4.5,0.7075750000000001
40,0,E,Business,Claude-Haiku-4.5,-0.8658750000000001
40,1,E,Business,Claude-Haiku-4.5,-0.9703
40,2,E,Business,Claude-Haiku-4.5,-0.44377500000000003
41,0,E,Business,Claude-Haiku-4.5,-0.7394000000000001
41,1,E,Business,Claude-Haiku-4.5,-0.4592
41,2,E,Business,Claude-Haiku-4.5,-0.005150000000000016
42,0,E,Business,Claude-Haiku-4.5,0.8848
42,1,E,Business,Claude-Haiku-4.5,0.8842333333333333
42,2,E,Business,Claude-Haiku-4.5,0.9751666666666666
43,0,E,Business,Claude-Haiku-4.5,0.935975
43,1,E,Business,Claude-Haiku-4.5,0.5829249999999999
43,2,E,Business,Claude-Haiku-4.5,0.34155
44,0,E,Business,Claude-Haiku-4.5,0.597975
44,1,E,Business,Claude-Haiku-4.5,0.4631
44,2,E,Business,Claude-Haiku-4.5,0.20072500000000001
45,0,E,Business,Claude-Haiku-4.5,-0.551725
45,1,E,Business,Claude-Haiku-4.5,-0.46127500000000005
45,2,E,Business,Claude-Haiku-4.5,-0.36775
46,0,E,Business,Claude-Haiku-4.5,0.44705
46,1,E,Business,Claude-Haiku-4.5,0.08717499999999997
46,2,E,Business,Claude-Haiku-4.5,0.0013999999999999568
47,0,E,Business,Claude-Haiku-4.5,-0.3905
47,1,E,Business,Claude-Haiku-4.5,0.29623333333333335
47,2,E,Business,Claude-Haiku-4.5,-0.24822500000000003
48,0,E,Business,Claude-Haiku-4.5,0.21957500000000002
48,1,E,Business,Claude-Haiku-4.5,0.48160000000000003
48,2,E,Business,Claude-Haiku-4.5,0.15517499999999998
49,0,E,Business,Claude-Haiku-4.5,-0.778675
49,1,E,Business,Claude-Haiku-4.5,-0.8336
49,2,E,Business,Claude-Haiku-4.5,-0.33116666666666666
50,0,E,Foreign,Claude-Haiku-4.5,-0.47375
50,1,E,Foreign,Claude-Haiku-4.5,-0.547325
50,2,E,Foreign,Claude-Haiku-4.5,-0.8840250000000001
51,0,E,Foreign,Claude-Haiku-4.5,0.7051
51,1,E,Foreign,Claude-Haiku-4.5,-0.1455
51,2,E,Foreign,Claude-Haiku-4.5,0.8569
52,0,E,Foreign,Claude-Haiku-4.5,0.29473333333333335
52,1,E,Foreign,Claude-Haiku-4.5,0.9577333333333334
52,2,E,Foreign,Claude-Haiku-4.5,0.5998749999999999
53,0,E,Foreign,Claude-Haiku-4.5,-0.168825
53,1,E,Foreign,Claude-Haiku-4.5,-0.19124999999999995
53,2,E,Foreign,Claude-Haiku-4.5,-0.238425
54,0,E,Foreign,Claude-Haiku-4.5,-0.03092499999999998
54,1,E,Foreign,Claude-Haiku-4.5,-0.507025
54,2,E,Foreign,Claude-Haiku-4.5,0.25382499999999997
55,0,E,Foreign,Claude-Haiku-4.5,-0.9035
55,1,E,Foreign,Claude-Haiku-4.5,-0.58155
55,2,E,Foreign,Claude-Haiku-4.5,-0.9611666666666667
56,0,E,Foreign,Claude-Haiku-4.5,-0.10516666666666667
56,1,E,Foreign,Claude-Haiku-4.5,-0.6583666666666667
56,2,E,Foreign,Claude-Haiku-4.5,-0.7409749999999999
57,0,E,Foreign,Claude-Haiku-4.5,-0.24545
57,1,E,Foreign,Claude-Haiku-4.5,-0.13433333333333333
57,2,E,Foreign,Claude-Haiku-4.5,0.018399999999999972
58,0,E,Foreign,Claude-Haiku-4.5,0.049600000000000005
58,1,E,Foreign,Claude-Haiku-4.5,0.651425
58,2,E,Foreign,Claude-Haiku-4.5,0.433925
59,0,E,Foreign,Claude-Haiku-4.5,0.10290000000000002
59,1,E,Foreign,Claude-Haiku-4.5,-0.4308
59,2,E,Foreign,Claude-Haiku-4.5,0.18817499999999998
60,0,E,Foreign,Claude-Haiku-4.5,0.7587
60,1,E,Foreign,Claude-Haiku-4.5,0.3612
60,2,E,Foreign,Claude-Haiku-4.5,0.811625
61,0,E,Foreign,Claude-Haiku-4.5,-0.42010000000000003
61,1,E,Foreign,Claude-Haiku-4.5,0.0571666666666667
61,2,E,Foreign,Claude-Haiku-4.5,0.03820000000000001
62,0,E,Foreign,Claude-Haiku-4.5,-0.830475
62,1,E,Foreign,Claude-Haiku-4.5,-0.873
62,2,E,Foreign,Claude-Haiku-4.5,-0.7112
63,0,E,Foreign,Claude-Haiku-4.5,0.09862499999999999
63,1,E,Foreign,Claude-Haiku-4.5,-0.045875
63,2,E,Foreign,Claude-Haiku-4.5,0.5521666666666666
64,0,E,Foreign,Claude-Haiku-4.5,0.9390000000000001
64,1,E,Foreign,Claude-Haiku-4.5,0.5861999999999999
64,2,E,Foreign,Claude-Haiku-4.5,0.9438666666666666
65,0,E,Foreign,Claude-Haiku-4.5,-0.594675
65,1,E,Foreign,Claude-Haiku-4.5,-0.5381750000000001
65,2,E,Foreign,Claude-Haiku-4.5,-0.34099999999999997
66,0,E,Foreign,Claude-Haiku-4.5,-0.07765
66,1,E,Foreign,Claude-Haiku-4.5,0.310575
66,2,E,Foreign,Claude-Haiku-4.5,-0.23435
67,0,E,Foreign,Claude-Haiku-4.5,-0.42169999999999996
67,1,E,Foreign,Claude-Haiku-4.5,-0.4364
67,2,E,Foreign,Claude-Haiku-4.5,-0.341425
68,0,E,Foreign,Claude-Haiku-4.5,0.796
68,1,E,Foreign,Claude-Haiku-4.5,0.386375
68,2,E,Foreign,Claude-Haiku-4.5,0.63095
69,0,E,Foreign,Claude-Haiku-4.5,-0.405975
69,1,E,Foreign,Claude-Haiku-4.5,-0.67285
69,2,E,Foreign,Claude-Haiku-4.5,-0.10695
70,0,E,Foreign,Claude-Haiku-4.5,0.5115000000000001
70,1,E,Foreign,Claude-Haiku-4.5,0.691075
70,2,E,Foreign,Claude-Haiku-4.5,0.385425
71,0,E,Foreign,Claude-Haiku-4.5,-0.25437499999999996
71,1,E,Foreign,Claude-Haiku-4.5,-0.9633
71,2,E,Foreign,Claude-Haiku-4.5,-0.922425
72,0,E,Foreign,Claude-Haiku-4.5,-0.8055999999999999
72,1,E,Foreign,Claude-Haiku-4.5,0.12977499999999997
72,2,E,Foreign,Claude-Haiku-4.5,0.490175
73,0,E,Foreign,Claude-Haiku-4.5,0.013050000000000004
73,1,E,Foreign,Claude-Haiku-4.5,-0.08597500000000001
73,2,E,Foreign,Claude-Haiku-4.5,0.33817499999999995
74,0,E,Foreign,Claude-Haiku-4.5,-0.7919999999999999
74,1,E,Foreign,Claude-Haiku-4.5,-0.59375
74,2,E,Foreign,Claude-Haiku-4.5,-0.8342
75,0,E,Foreign,Claude-Haiku-4.5,0.33535
75,1,E,Foreign,Claude-Haiku-4.5,-0.020749999999999963
75,2,E,Foreign,Claude-Haiku-4.5,0.46229999999999993
76,0,E,Foreign,Claude-Haiku-4.5,0.361975
76,1,E,Foreign,Claude-Haiku-4.5,0.57395
76,2,E,Foreign,Claude-Haiku-4.5,0.6311666666666667
77,0,E,Foreign,Claude-Haiku-4.5,-0.8537750000000001
77,1,E,Foreign,Claude-Haiku-4.5,-0.774475
77,2,E,Foreign,Claude-Haiku-4.5,-0.8910750000000001
78,0,E,Foreign,Claude-Haiku-4.5,0.06997499999999998
78,1,E,Foreign,Claude-Haiku-4.5,0.437975
78,2,E,Foreign,Claude-Haiku-4.5,0.37697500000000006
79,0,E,Foreign,Claude-Haiku-4.5,-0.8829
79,1,E,Foreign,Claude-Haiku-4.5,-0.7105250000000001
79,2,E,Foreign,Claude-Haiku-4.5,-0.6014666666666667
